filename,width,height,class,xmin,ymin,xmax,ymax
mechanical_1_dogs1_2018-12-07--08-38-15.JPG,4000,3000,mechanical,2532,1461,3502,2625
mechanical_1_dogs1_2018-12-07--08-38-15.JPG,4000,3000,dog,3704,2010,4000,2438
mechanical_1_dogs1_2018-12-08--13-32-27.JPG,4000,3000,dog,2400,1987,2762,2402
mechanical_1_dogs1_2018-12-08--13-32-27.JPG,4000,3000,mechanical,3279,1464,3858,2555
mechanical_1_dogs2_2018-12-09--09-00-01.JPG,4000,3000,mechanical,2824,1481,3249,2491
mechanical_1_dogs2_2018-12-09--09-00-01.JPG,4000,3000,dog,2006,1721,2287,1936
mechanical_1_dogs2_2018-12-09--09-00-01.JPG,4000,3000,nonMotorized,1517,1459,1687,1870
mechanical_1_dogs2_2018-12-09--09-00-01.JPG,4000,3000,dog,1494,1681,1696,1864
mechanical_1_dogs2_2018-12-09--09-00-01.JPG,4000,3000,nonMotorized,1379,1481,1532,1827
mechanical_1_dogs2_2018-12-23--09-50-11.JPG,4000,3000,mechanical,2360,1487,2779,2347
mechanical_1_dogs2_2018-12-23--09-50-11.JPG,4000,3000,dog,2709,1991,3038,2361
mechanical_1_dogs2_2018-12-23--09-50-11.JPG,4000,3000,dog,2994,2013,3155,2389
mechanical_1_noDogs_2018-12-07--08-09-17.JPG,4000,3000,mechanical,3081,1476,3953,2687
mechanical_1_noDogs_2018-12-07--12-29-15.JPG,4000,3000,mechanical,2796,1519,3192,2287
mechanical_1_noDogs_2018-12-07--12-29-41.JPG,4000,3000,mechanical,2730,1442,3079,2208
mechanical_1_noDogs_2018-12-07--13-37-19.JPG,4000,3000,mechanical,3236,1406,3789,2570
mechanical_1_noDogs_2018-12-07--13-38-01.JPG,4000,3000,mechanical,3068,1459,3609,2474
mechanical_1_noDogs_2018-12-08--12-19-35.JPG,4000,3000,mechanical,3034,1532,3530,2421
mechanical_1_noDogs_2018-12-08--12-23-30.JPG,4000,3000,mechanical,3396,1464,3917,2566
mechanical_1_noDogs_2018-12-08--13-16-10.JPG,4000,3000,mechanical,2779,1474,3172,2313
mechanical_1_noDogs_2018-12-08--14-18-32.JPG,4000,3000,mechanical,2715,1470,3164,2334
mechanical_1_noDogs_2018-12-09--10-09-32.JPG,4000,3000,mechanical,2343,1451,2685,2193
mechanical_1_noDogs_2018-12-09--12-39-15.JPG,4000,3000,mechanical,2949,1538,3362,2404
mechanical_1_noDogs_2018-12-09--13-57-08.JPG,4000,3000,mechanical,2483,1540,2868,2257
mechanical_1_noDogs_2018-12-09--14-34-38.JPG,4000,3000,mechanical,2651,1457,3124,2479
mechanical_1_noDogs_2018-12-09--15-31-04.JPG,4000,3000,mechanical,2557,1472,2963,2278
mechanical_1_noDogs_2018-12-12--10-32-37.JPG,4000,3000,mechanical,3455,1542,3964,2640
mechanical_1_noDogs_2018-12-12--11-35-22.JPG,4000,3000,mechanical,2370,1538,2772,2234
mechanical_1_noDogs_2018-12-15--14-31-54.JPG,4000,3000,mechanical,2794,1476,3309,2630
mechanical_1_noDogs_2018-12-15--15-00-24.JPG,4000,3000,mechanical,2385,1498,2755,2234
mechanical_1_noDogs_2018-12-16--10-42-25.JPG,4000,3000,mechanical,2879,1464,3460,2630
mechanical_1_noDogs_2018-12-16--12-12-57.JPG,4000,3000,mechanical,2481,1476,2883,2244
mechanical_1_noDogs_2018-12-17--11-09-35.JPG,4000,3000,mechanical,2783,1485,3353,2696
mechanical_1_noDogs_2018-12-17--11-14-07.JPG,4000,3000,mechanical,3281,1438,3768,2481
mechanical_1_noDogs_2018-12-17--12-41-04.JPG,4000,3000,mechanical,2730,1444,3168,2338
mechanical_1_noDogs_2018-12-17--12-44-18.JPG,4000,3000,mechanical,3753,1723,4000,2696
mechanical_1_noDogs_2018-12-18--11-26-21.JPG,4000,3000,mechanical,2800,1517,3347,2451
mechanical_1_noDogs_2018-12-18--12-52-09.JPG,4000,3000,mechanical,2604,1491,2992,2193
mechanical_1_noDogs_2018-12-20--10-40-58.JPG,4000,3000,mechanical,2972,1510,3524,2572
mechanical_1_noDogs_2018-12-20--10-44-27.JPG,4000,3000,mechanical,2736,1455,3228,2493
mechanical_1_noDogs_2018-12-20--11-20-33.JPG,4000,3000,mechanical,2330,1476,2751,2323
mechanical_1_noDogs_2018-12-21--11-23-17.JPG,4000,3000,mechanical,3334,1527,3996,2738
mechanical_1_noDogs_2018-12-21--13-23-14.JPG,4000,3000,mechanical,2660,1498,3145,2372
mechanical_1_noDogs_2018-12-22--10-13-16.JPG,4000,3000,mechanical,2736,1459,3362,2506
mechanical_1_noDogs_2018-12-23--08-35-40.JPG,4000,3000,mechanical,3026,1479,3543,2589
mechanical_1_noDogs_2018-12-23--09-34-54.JPG,4000,3000,mechanical,3230,1453,3730,2310
mechanical_1_noDogs_2018-12-23--09-35-59.JPG,4000,3000,mechanical,2955,1519,3481,2532
mechanical_1_noDogs_2018-12-23--09-36-25.JPG,4000,3000,mechanical,2534,1487,3013,2370
mechanical_1_noDogs_2018-12-23--15-05-44.JPG,4000,3000,mechanical,2804,1438,3417,2730
mechanical_1_noDogs_2018-12-23--16-03-24.JPG,4000,3000,mechanical,2792,1453,3296,2355
mechanical_1_noDogs_2018-12-26--11-18-03.JPG,4000,3000,mechanical,2764,1519,3334,2523
mechanical_1_noDogs_2018-12-26--12-31-37.JPG,4000,3000,mechanical,3496,1366,4000,2779
mechanical_1_noDogs_2018-12-26--12-34-31.JPG,4000,3000,mechanical,2787,1519,3338,2598
mechanical_1_noDogs_2018-12-26--12-37-57.JPG,4000,3000,mechanical,3392,1406,4000,2621
mechanical_1_noDogs_2018-12-26--13-00-38.JPG,4000,3000,mechanical,2700,1515,3136,2479
mechanical_1_noDogs_2018-12-26--13-11-54.JPG,4000,3000,mechanical,2870,1508,3428,2627
mechanical_1_noDogs_2018-12-28--11-51-28.JPG,4000,3000,mechanical,2464,1547,2889,2300
mechanical_1_noDogs_2018-12-28--11-51-35.JPG,4000,3000,mechanical,2685,1517,3106,2353
mechanical_1_noDogs_2018-12-28--14-01-40.JPG,4000,3000,mechanical,2843,1491,3362,2525
mechanical_2_dogs1_2018-12-17--10-58-55.JPG,4000,3000,mechanical,2460,1534,2947,2621
mechanical_2_dogs1_2018-12-17--10-58-55.JPG,4000,3000,mechanical,3466,1515,4000,2583
mechanical_2_dogs1_2018-12-17--10-58-55.JPG,4000,3000,dog,3243,1896,3532,2259
mechanical_2_dogs1_2018-12-28--12-21-07.JPG,4000,3000,dog,2517,2330,2870,2698
mechanical_2_dogs1_2018-12-28--12-21-07.JPG,4000,3000,mechanical,3385,1487,3966,2561
mechanical_2_dogs1_2018-12-28--12-21-07.JPG,4000,3000,mechanical,2272,1491,2606,2191
mechanical_2_noDogs_2018-12-28--09-40-55.JPG,4000,3000,mechanical,2411,1536,2670,2191
mechanical_2_noDogs_2018-12-28--09-40-55.JPG,4000,3000,mechanical,2668,1536,3041,2338
mechanical_2_noDogs_2018-12-28--14-01-53.JPG,4000,3000,mechanical,3330,1466,3972,2751
mechanical_2_noDogs_2018-12-28--14-01-53.JPG,4000,3000,mechanical,679,1381,819,1634
motorized_1_dogs1_2018-12-07--13-13-00.JPG,4000,3000,motorized,3034,1342,4000,2649
motorized_1_dogs1_2018-12-07--13-13-00.JPG,4000,3000,dog,1609,1732,1787,1936
motorized_1_dogs1_2018-12-08--05-19-40.JPG,4000,3000,dog,2421,1919,2715,2244
motorized_1_dogs1_2018-12-08--05-19-40.JPG,4000,3000,motorized,2330,1457,2845,1957
motorized_1_dogs1_2018-12-09--10-27-06.JPG,4000,3000,motorized,2236,1493,2745,2142
motorized_1_dogs1_2018-12-09--10-27-06.JPG,4000,3000,dog,1604,1842,1764,2085
motorized_1_dogs1_2018-12-09--12-57-31.JPG,4000,3000,dog,1230,1666,1362,1804
motorized_1_dogs1_2018-12-09--12-57-31.JPG,4000,3000,motorized,943,1508,1128,1715
motorized_1_dogs1_2018-12-09--12-57-31.JPG,4000,3000,hybrid,2592,1630,3634,2672
motorized_1_dogs1_2018-12-13--13-17-34.JPG,4000,3000,dog,2947,1904,3217,2189
motorized_1_dogs1_2018-12-13--13-17-34.JPG,4000,3000,nonMotorized,741,1430,896,1661
motorized_1_dogs1_2018-12-13--13-17-34.JPG,4000,3000,motorized,1311,1389,1875,2002
motorized_1_dogs1_2018-12-26--14-38-18.JPG,4000,3000,motorized,2175,1596,3198,2389
motorized_1_dogs1_2018-12-26--14-38-18.JPG,4000,3000,dog,3172,1955,3396,2249
motorized_1_dogs1_2018-12-28--09-45-26.JPG,4000,3000,nonMotorized,1006,1425,1181,1727
motorized_1_dogs1_2018-12-28--09-45-26.JPG,4000,3000,dog,626,1623,826,1783
motorized_1_dogs2_2018-12-11--15-10-40.JPG,4000,3000,dog,1419,1889,1741,2210
motorized_1_dogs2_2018-12-11--15-10-40.JPG,4000,3000,motorized,2264,1506,2768,1955
motorized_1_dogs3_2018-12-11--15-10-58.JPG,4000,3000,dog,2270,1974,2504,2430
motorized_1_dogs3_2018-12-11--15-10-58.JPG,4000,3000,dog,2038,1942,2424,2242
motorized_1_dogs3_2018-12-11--15-10-58.JPG,4000,3000,dog,1558,1953,2019,2272
motorized_1_dogs3_2018-12-11--15-10-58.JPG,4000,3000,motorized,2228,1440,2724,1936
motorized_1_noDogs_2018-12-05--14-23-23.JPG,4000,3000,motorized,1694,1489,3083,2359
motorized_1_noDogs_2018-12-06--07-32-16.JPG,4000,3000,motorized,2153,1387,3411,2468
motorized_1_noDogs_2018-12-06--07-39-58.JPG,4000,3000,motorized,2587,1419,4000,2355
motorized_1_noDogs_2018-12-06--10-46-43.JPG,4000,3000,motorized,3041,1393,4000,2323
motorized_1_noDogs_2018-12-06--10-46-50.JPG,4000,3000,motorized,2432,1406,4000,2289
motorized_1_noDogs_2018-12-06--10-46-56.JPG,4000,3000,motorized,1679,1391,3038,2187
motorized_1_noDogs_2018-12-06--10-51-13.JPG,4000,3000,motorized,2049,1359,3492,2419
motorized_1_noDogs_2018-12-06--11-38-18.JPG,4000,3000,motorized,1428,1517,1877,2006
motorized_1_noDogs_2018-12-06--11-38-50.JPG,4000,3000,motorized,2936,1544,4000,2513
motorized_1_noDogs_2018-12-06--12-47-49.JPG,4000,3000,motorized,3568,1810,4000,2842
motorized_1_noDogs_2018-12-06--12-47-55.JPG,4000,3000,motorized,2570,1361,3841,2489
motorized_1_noDogs_2018-12-06--12-48-20.JPG,4000,3000,motorized,2855,1370,3849,2323
motorized_1_noDogs_2018-12-06--12-48-41.JPG,4000,3000,motorized,2211,1391,3424,2317
motorized_1_noDogs_2018-12-06--12-48-46.JPG,4000,3000,motorized,1306,1402,1813,1849
motorized_1_noDogs_2018-12-07--10-25-09.JPG,4000,3000,motorized,3198,1327,4000,2447
motorized_1_noDogs_2018-12-07--11-03-14.JPG,4000,3000,motorized,2198,1353,3498,2396
motorized_1_noDogs_2018-12-07--11-29-25.JPG,4000,3000,motorized,3224,1306,4000,2668
motorized_1_noDogs_2018-12-07--11-29-33.JPG,4000,3000,motorized,1030,1385,1426,1772
motorized_1_noDogs_2018-12-07--13-24-28.JPG,4000,3000,motorized,1498,1491,1919,1957
motorized_1_noDogs_2018-12-07--13-24-46.JPG,4000,3000,motorized,1775,1430,2355,2189
motorized_1_noDogs_2018-12-07--13-30-48.JPG,4000,3000,motorized,2779,1368,3866,2744
motorized_1_noDogs_2018-12-07--14-08-55.JPG,4000,3000,motorized,2004,1591,2638,2174
motorized_1_noDogs_2018-12-07--14-09-01.JPG,4000,3000,motorized,2179,1587,2749,2198
motorized_1_noDogs_2018-12-07--14-27-38.JPG,4000,3000,motorized,2315,1559,3032,2266
motorized_1_noDogs_2018-12-07--14-42-29.JPG,4000,3000,motorized,2066,1572,2764,2181
motorized_1_noDogs_2018-12-07--14-43-07.JPG,4000,3000,motorized,3258,1576,4000,2423
motorized_1_noDogs_2018-12-07--14-43-38.JPG,4000,3000,motorized,2072,1551,2689,2134
motorized_1_noDogs_2018-12-08--05-19-24.JPG,4000,3000,motorized,3134,1366,3921,2481
motorized_1_noDogs_2018-12-08--06-35-03.JPG,4000,3000,motorized,2841,1579,3847,2551
motorized_1_noDogs_2018-12-08--06-47-18.JPG,4000,3000,motorized,2043,1402,3928,2904
motorized_1_noDogs_2018-12-08--10-44-04.JPG,4000,3000,motorized,3021,1591,4000,2706
motorized_1_noDogs_2018-12-08--10-55-37.JPG,4000,3000,motorized,1338,1483,1855,1855
motorized_1_noDogs_2018-12-08--10-55-37.JPG,4000,3000,nonMotorized,1841,1487,2060,1866
motorized_1_noDogs_2018-12-08--10-56-16.JPG,4000,3000,motorized,1694,1536,2028,1951
motorized_1_noDogs_2018-12-08--10-56-16.JPG,4000,3000,nonMotorized,1992,1519,2196,1847
motorized_1_noDogs_2018-12-08--10-56-37.JPG,4000,3000,motorized,2579,1561,3383,2251
motorized_1_noDogs_2018-12-08--11-16-59.JPG,4000,3000,motorized,2136,1427,2730,2108
motorized_1_noDogs_2018-12-08--11-16-59.JPG,4000,3000,motorized,1158,1504,1483,1815
motorized_1_noDogs_2018-12-08--11-17-06.JPG,4000,3000,motorized,2732,1553,3668,2534
motorized_1_noDogs_2018-12-08--11-29-36.JPG,4000,3000,motorized,1998,1472,2506,2204
motorized_1_noDogs_2018-12-08--11-57-51.JPG,4000,3000,motorized,1619,1506,2058,2010
motorized_1_noDogs_2018-12-08--11-58-08.JPG,4000,3000,motorized,1655,1593,2079,2055
motorized_1_noDogs_2018-12-08--12-14-53.JPG,4000,3000,motorized,2485,1589,3213,2289
motorized_1_noDogs_2018-12-08--12-17-20.JPG,4000,3000,motorized,3096,1602,4000,2689
motorized_1_noDogs_2018-12-08--12-53-10.JPG,4000,3000,motorized,2977,1591,4000,2683
motorized_1_noDogs_2018-12-08--12-57-12.JPG,4000,3000,motorized,1438,1544,1877,1955
motorized_1_noDogs_2018-12-08--12-57-46.JPG,4000,3000,motorized,2924,1642,3945,2521
motorized_1_noDogs_2018-12-08--13-01-41.JPG,4000,3000,motorized,1647,1474,2096,1985
motorized_1_noDogs_2018-12-08--13-03-45.JPG,4000,3000,motorized,2764,1606,3798,2510
motorized_1_noDogs_2018-12-08--13-05-00.JPG,4000,3000,motorized,1424,1500,1806,1947
motorized_1_noDogs_2018-12-08--13-18-01.JPG,4000,3000,motorized,2270,1227,3426,2747
motorized_1_noDogs_2018-12-08--14-01-29.JPG,4000,3000,motorized,2115,1393,2930,2274
motorized_1_noDogs_2018-12-08--15-54-41.JPG,4000,3000,motorized,2162,1430,2560,1891
motorized_1_noDogs_2018-12-08--19-09-18.JPG,4000,3000,motorized,2215,1521,2958,2347
motorized_1_noDogs_2018-12-09--08-26-21.JPG,4000,3000,motorized,3117,1521,4000,2840
motorized_1_noDogs_2018-12-09--09-41-45.JPG,4000,3000,motorized,2158,1576,2783,2202
motorized_1_noDogs_2018-12-09--09-43-25.JPG,4000,3000,motorized,2147,1587,2866,2227
motorized_1_noDogs_2018-12-09--11-36-31.JPG,4000,3000,motorized,2281,1451,2966,2315
motorized_1_noDogs_2018-12-09--12-05-40.JPG,4000,3000,motorized,2228,1581,2832,2208
motorized_1_noDogs_2018-12-09--12-06-50.JPG,4000,3000,motorized,2098,1576,2704,2223
motorized_1_noDogs_2018-12-09--14-11-17.JPG,4000,3000,motorized,2279,1615,3024,2374
motorized_1_noDogs_2018-12-09--14-11-27.JPG,4000,3000,motorized,2402,1540,3355,2383
motorized_1_noDogs_2018-12-10--05-32-13.JPG,4000,3000,motorized,2802,1408,3494,2221
motorized_1_noDogs_2018-12-10--08-33-24.JPG,4000,3000,motorized,2624,1600,3655,2549
motorized_1_noDogs_2018-12-10--08-38-05.JPG,4000,3000,motorized,1706,1461,2432,2155
motorized_1_noDogs_2018-12-10--15-21-47.JPG,4000,3000,motorized,2885,1353,4000,2840
motorized_1_noDogs_2018-12-10--16-13-19.JPG,4000,3000,motorized,2441,1198,4000,2825
motorized_1_noDogs_2018-12-10--16-13-32.JPG,4000,3000,motorized,2096,961,3383,2461
motorized_1_noDogs_2018-12-10--16-13-40.JPG,4000,3000,motorized,1283,1125,2087,1947
motorized_1_noDogs_2018-12-11--10-36-49.JPG,4000,3000,motorized,1977,1485,2532,2225
motorized_1_noDogs_2018-12-11--13-15-39.JPG,4000,3000,motorized,1792,1498,2349,2093
motorized_1_noDogs_2018-12-11--15-23-26.JPG,4000,3000,motorized,1902,1447,2685,2257
motorized_1_noDogs_2018-12-12--07-43-01.JPG,4000,3000,motorized,3247,1393,4000,2374
motorized_1_noDogs_2018-12-12--13-42-45.JPG,4000,3000,motorized,2858,1385,3624,2291
motorized_1_noDogs_2018-12-13--13-17-27.JPG,4000,3000,motorized,3030,1240,4000,2734
motorized_1_noDogs_2018-12-13--14-49-32.JPG,4000,3000,motorized,2641,1285,4000,2708
motorized_1_noDogs_2018-12-13--15-08-46.JPG,4000,3000,motorized,2438,1281,3636,2534
motorized_1_noDogs_2018-12-13--15-24-39.JPG,4000,3000,motorized,2166,1244,3330,2266
motorized_1_noDogs_2018-12-14--06-05-44.JPG,4000,3000,motorized,2262,1538,2894,2355
motorized_1_noDogs_2018-12-14--06-42-34.JPG,4000,3000,motorized,2662,1502,3447,2351
motorized_1_noDogs_2018-12-14--09-40-36.JPG,4000,3000,motorized,2504,1300,3955,2591
motorized_1_noDogs_2018-12-14--09-47-00.JPG,4000,3000,motorized,1945,1374,2772,2091
motorized_1_noDogs_2018-12-14--14-52-59.JPG,4000,3000,motorized,2700,1289,4000,2640
motorized_1_noDogs_2018-12-14--14-53-09.JPG,4000,3000,motorized,747,1353,1098,1653
motorized_1_noDogs_2018-12-14--17-37-51.JPG,4000,3000,motorized,2747,1517,4000,2802
motorized_1_noDogs_2018-12-15--08-32-12.JPG,4000,3000,motorized,2149,1340,3411,2353
motorized_1_noDogs_2018-12-15--10-24-10.JPG,4000,3000,motorized,1972,1402,3685,2608
motorized_1_noDogs_2018-12-15--10-24-10.JPG,4000,3000,nonMotorized,1106,1438,1336,1755
motorized_1_noDogs_2018-12-15--10-24-10.JPG,4000,3000,nonMotorized,943,1432,1075,1708
motorized_1_noDogs_2018-12-15--10-56-10.JPG,4000,3000,motorized,2760,1385,4000,2815
motorized_1_noDogs_2018-12-15--10-56-16.JPG,4000,3000,motorized,1258,1393,1815,1857
motorized_1_noDogs_2018-12-15--11-40-25.JPG,4000,3000,motorized,2213,1404,3419,2298
motorized_1_noDogs_2018-12-15--12-20-21.JPG,4000,3000,motorized,2545,1544,3364,2340
motorized_1_noDogs_2018-12-15--12-39-43.JPG,4000,3000,motorized,2081,1457,4000,2872
motorized_1_noDogs_2018-12-15--13-32-27.JPG,4000,3000,motorized,2068,1432,2864,2125
motorized_1_noDogs_2018-12-15--20-15-41.JPG,4000,3000,motorized,2760,1557,4000,2553
motorized_1_noDogs_2018-12-16--06-22-03.JPG,4000,3000,motorized,2483,1368,4000,2632
motorized_1_noDogs_2018-12-16--07-28-02.JPG,4000,3000,motorized,2913,1315,4000,2698
motorized_1_noDogs_2018-12-16--08-38-43.JPG,4000,3000,motorized,1985,1413,2677,2110
motorized_1_noDogs_2018-12-16--08-41-31.JPG,4000,3000,motorized,2511,1253,4000,2596
motorized_1_noDogs_2018-12-16--08-41-39.JPG,4000,3000,motorized,921,1393,1298,1708
motorized_1_noDogs_2018-12-16--12-49-59.JPG,4000,3000,motorized,2664,1391,4000,3000
motorized_1_noDogs_2018-12-16--12-50-05.JPG,4000,3000,motorized,1385,1461,2024,2132
motorized_1_noDogs_2018-12-16--12-52-08.JPG,4000,3000,motorized,2192,1308,2785,1793
motorized_1_noDogs_2018-12-16--13-06-20.JPG,4000,3000,motorized,2611,1370,3641,2576
motorized_1_noDogs_2018-12-16--13-09-05.JPG,4000,3000,motorized,1934,1381,3109,2289
motorized_1_noDogs_2018-12-16--13-54-39.JPG,4000,3000,motorized,3566,1632,4000,2725
motorized_1_noDogs_2018-12-16--14-13-10.JPG,4000,3000,motorized,2096,1372,2909,2393
motorized_1_noDogs_2018-12-16--14-21-25.JPG,4000,3000,motorized,2083,1351,3296,2332
motorized_1_noDogs_2018-12-16--14-27-04.JPG,4000,3000,motorized,1487,1421,2168,1964
motorized_1_noDogs_2018-12-16--16-28-27.JPG,4000,3000,motorized,2502,1127,4000,2487
motorized_1_noDogs_2018-12-16--16-28-35.JPG,4000,3000,motorized,636,1027,1477,1853
motorized_1_noDogs_2018-12-16--16-29-09.JPG,4000,3000,motorized,1992,1413,2681,2202
motorized_1_noDogs_2018-12-16--18-13-36.JPG,4000,3000,motorized,1932,1317,2885,1866
motorized_1_noDogs_2018-12-16--18-13-53.JPG,4000,3000,motorized,1115,1376,2053,1866
motorized_1_noDogs_2018-12-16--19-07-55.JPG,4000,3000,motorized,2455,1302,4000,2891
motorized_1_noDogs_2018-12-17--06-10-22.JPG,4000,3000,motorized,2336,1323,4000,2734
motorized_1_noDogs_2018-12-17--08-52-20.JPG,4000,3000,motorized,3304,1498,4000,2730
motorized_1_noDogs_2018-12-17--12-51-36.JPG,4000,3000,motorized,2694,1391,4000,2389
motorized_1_noDogs_2018-12-17--12-51-42.JPG,4000,3000,motorized,1634,1393,2351,2032
motorized_1_noDogs_2018-12-17--12-51-48.JPG,4000,3000,motorized,2287,1261,3106,1806
motorized_1_noDogs_2018-12-17--12-51-57.JPG,4000,3000,motorized,1798,1334,2749,1842
motorized_1_noDogs_2018-12-17--12-52-04.JPG,4000,3000,motorized,1779,1389,2685,1821
motorized_1_noDogs_2018-12-17--12-56-01.JPG,4000,3000,motorized,2089,1566,2719,2349
motorized_1_noDogs_2018-12-17--15-12-43.JPG,4000,3000,motorized,2668,1336,4000,2910
motorized_1_noDogs_2018-12-17--15-59-52.JPG,4000,3000,motorized,1304,1181,2198,2057
motorized_1_noDogs_2018-12-17--21-41-11.JPG,4000,3000,motorized,2734,1576,3398,2340
motorized_1_noDogs_2018-12-18--05-50-59.JPG,4000,3000,motorized,2645,1321,4000,2861
motorized_1_noDogs_2018-12-18--10-21-29.JPG,4000,3000,motorized,2587,1310,4000,2653
motorized_1_noDogs_2018-12-18--10-21-36.JPG,4000,3000,motorized,928,1349,1236,1706
motorized_1_noDogs_2018-12-18--12-33-12.JPG,4000,3000,motorized,2032,1510,3219,2508
motorized_1_noDogs_2018-12-18--15-30-51.JPG,4000,3000,motorized,2166,1236,3709,2351
motorized_1_noDogs_2018-12-18--16-45-24.JPG,4000,3000,motorized,1958,1381,2694,2066
motorized_1_noDogs_2018-12-18--18-39-45.JPG,4000,3000,motorized,2945,1519,3702,2364
motorized_1_noDogs_2018-12-18--18-41-56.JPG,4000,3000,motorized,2247,1204,3881,2623
motorized_1_noDogs_2018-12-19--04-15-52.JPG,4000,3000,motorized,2060,1006,3489,2555
motorized_1_noDogs_2018-12-19--15-44-27.JPG,4000,3000,motorized,2315,1479,3987,2568
motorized_1_noDogs_2018-12-20--05-37-50.JPG,4000,3000,motorized,2296,1336,4000,2691
motorized_1_noDogs_2018-12-20--08-28-17.JPG,4000,3000,motorized,2030,1530,2970,2370
motorized_1_noDogs_2018-12-20--10-32-12.JPG,4000,3000,motorized,2883,1313,4000,2802
motorized_1_noDogs_2018-12-20--10-32-21.JPG,4000,3000,motorized,1111,1317,1560,1766
motorized_1_noDogs_2018-12-20--11-37-59.JPG,4000,3000,motorized,1438,1427,2017,1968
motorized_1_noDogs_2018-12-20--12-02-59.JPG,4000,3000,motorized,2402,1376,3898,2506
motorized_1_noDogs_2018-12-20--12-16-04.JPG,4000,3000,motorized,2872,1391,4000,2823
motorized_1_noDogs_2018-12-20--12-23-28.JPG,4000,3000,motorized,2768,1242,4000,2604
motorized_1_noDogs_2018-12-20--12-25-46.JPG,4000,3000,motorized,2979,1330,3996,2572
motorized_1_noDogs_2018-12-20--12-35-29.JPG,4000,3000,motorized,2706,1564,3570,2381
motorized_1_noDogs_2018-12-20--12-38-03.JPG,4000,3000,motorized,3328,1651,4000,2747
motorized_1_noDogs_2018-12-20--14-33-12.JPG,4000,3000,motorized,2366,1547,3200,2308
motorized_1_noDogs_2018-12-20--14-38-48.JPG,4000,3000,motorized,2234,1400,2960,2251
motorized_1_noDogs_2018-12-20--15-09-38.JPG,4000,3000,motorized,3047,1342,4000,2342
motorized_1_noDogs_2018-12-20--15-09-55.JPG,4000,3000,motorized,1289,1396,2155,1913
motorized_1_noDogs_2018-12-20--15-15-15.JPG,4000,3000,motorized,1215,1349,2385,2064
motorized_1_noDogs_2018-12-20--15-17-32.JPG,4000,3000,motorized,2615,1285,4000,2989
motorized_1_noDogs_2018-12-20--15-45-00.JPG,4000,3000,motorized,2932,1298,4000,2751
motorized_1_noDogs_2018-12-21--07-54-45.JPG,4000,3000,motorized,1998,1542,2943,2325
motorized_1_noDogs_2018-12-21--08-20-43.JPG,4000,3000,motorized,2966,1308,4000,2783
motorized_1_noDogs_2018-12-21--08-20-48.JPG,4000,3000,motorized,1619,1372,2364,2010
motorized_1_noDogs_2018-12-21--08-44-27.JPG,4000,3000,motorized,3121,1337,3967,2567
motorized_1_noDogs_2018-12-21--08-44-35.JPG,4000,3000,motorized,924,1381,1515,1791
motorized_1_noDogs_2018-12-21--08-48-04.JPG,4000,3000,motorized,1802,1419,3187,2134
motorized_1_noDogs_2018-12-21--09-52-19.JPG,4000,3000,motorized,2589,1408,3255,2270
motorized_1_noDogs_2018-12-21--11-10-10.JPG,4000,3000,motorized,2258,1370,3536,2374
motorized_1_noDogs_2018-12-21--11-17-29.JPG,4000,3000,motorized,2883,1325,4000,2630
motorized_1_noDogs_2018-12-21--11-17-35.JPG,4000,3000,motorized,1270,1396,1751,1830
motorized_1_noDogs_2018-12-21--11-22-45.JPG,4000,3000,motorized,2024,1361,2977,2223
motorized_1_noDogs_2018-12-21--15-26-05.JPG,4000,3000,motorized,2283,1559,2892,2270
motorized_1_noDogs_2018-12-21--16-51-37.JPG,4000,3000,motorized,3034,1253,4000,2613
motorized_1_noDogs_2018-12-21--18-59-54.JPG,4000,3000,motorized,2181,1598,2894,2323
motorized_1_noDogs_2018-12-21--19-00-01.JPG,4000,3000,motorized,1502,1493,1834,1874
motorized_1_noDogs_2018-12-22--03-54-21.JPG,4000,3000,motorized,2987,1506,4000,2725
motorized_1_noDogs_2018-12-22--06-04-53.JPG,4000,3000,motorized,2009,1513,2972,2285
motorized_1_noDogs_2018-12-22--07-35-00.JPG,4000,3000,motorized,2604,1506,3519,2447
motorized_1_noDogs_2018-12-22--08-30-07.JPG,4000,3000,motorized,2285,1510,3092,2408
motorized_1_noDogs_2018-12-22--09-15-31.JPG,4000,3000,motorized,2287,1547,3077,2368
motorized_1_noDogs_2018-12-22--09-16-58.JPG,4000,3000,motorized,2581,1555,3658,2600
motorized_1_noDogs_2018-12-22--15-06-42.JPG,4000,3000,motorized,2626,1347,3547,2268
motorized_1_noDogs_2018-12-23--08-18-04.JPG,4000,3000,motorized,2513,1230,3906,2638
motorized_1_noDogs_2018-12-23--08-33-23.JPG,4000,3000,motorized,2638,1559,3285,2317
motorized_1_noDogs_2018-12-23--13-00-16.JPG,4000,3000,motorized,2072,1347,3111,2285
motorized_1_noDogs_2018-12-23--13-02-09.JPG,4000,3000,motorized,3002,1355,4000,2781
motorized_1_noDogs_2018-12-23--13-36-38.JPG,4000,3000,motorized,2504,1408,3870,2238
motorized_1_noDogs_2018-12-23--13-37-08.JPG,4000,3000,motorized,2619,1370,3292,2193
motorized_1_noDogs_2018-12-23--13-37-15.JPG,4000,3000,motorized,3183,1132,4000,2908
motorized_1_noDogs_2018-12-23--13-39-21.JPG,4000,3000,motorized,2941,1670,4000,2823
motorized_1_noDogs_2018-12-23--14-56-15.JPG,4000,3000,motorized,1845,1515,2496,2138
motorized_1_noDogs_2018-12-23--14-56-30.JPG,4000,3000,motorized,2466,1332,3292,2310
motorized_1_noDogs_2018-12-23--16-00-23.JPG,4000,3000,motorized,2455,1353,3726,2276
motorized_1_noDogs_2018-12-23--16-56-07.JPG,4000,3000,motorized,1600,1532,2194,2089
motorized_1_noDogs_2018-12-23--17-36-15.JPG,4000,3000,motorized,1515,1338,2596,2093
motorized_1_noDogs_2018-12-23--17-36-45.JPG,4000,3000,motorized,1536,1381,2553,2102
motorized_1_noDogs_2018-12-23--17-37-22.JPG,4000,3000,motorized,1628,1315,2592,2021
motorized_1_noDogs_2018-12-23--17-37-44.JPG,4000,3000,motorized,1949,1376,3660,2272
motorized_1_noDogs_2018-12-23--17-37-50.JPG,4000,3000,motorized,2268,1400,3909,2125
motorized_1_noDogs_2018-12-23--17-37-58.JPG,4000,3000,motorized,1766,1372,3104,2215
motorized_1_noDogs_2018-12-23--17-38-07.JPG,4000,3000,motorized,966,1381,1630,1781
motorized_1_noDogs_2018-12-23--17-39-59.JPG,4000,3000,motorized,1896,1338,3517,2340
motorized_1_noDogs_2018-12-23--17-40-11.JPG,4000,3000,motorized,1872,1315,3562,2176
motorized_1_noDogs_2018-12-23--17-40-23.JPG,4000,3000,motorized,2747,1364,4000,2419
motorized_1_noDogs_2018-12-23--18-51-51.JPG,4000,3000,motorized,3113,1185,4000,2847
motorized_1_noDogs_2018-12-24--08-13-49.JPG,4000,3000,motorized,1819,1481,2434,2200
motorized_1_noDogs_2018-12-24--08-14-19.JPG,4000,3000,motorized,1594,1481,2109,2023
motorized_1_noDogs_2018-12-24--09-13-37.JPG,4000,3000,motorized,2526,1268,4000,2793
motorized_1_noDogs_2018-12-24--10-50-42.JPG,4000,3000,motorized,2613,1261,3985,2644
motorized_1_noDogs_2018-12-24--10-52-57.JPG,4000,3000,motorized,2630,1279,3989,2761
motorized_1_noDogs_2018-12-24--12-56-33.JPG,4000,3000,motorized,2524,1351,4000,2942
motorized_1_noDogs_2018-12-24--13-35-32.JPG,4000,3000,motorized,2370,1272,3613,2413
motorized_1_noDogs_2018-12-24--15-47-07.JPG,4000,3000,motorized,1530,1313,2494,1985
motorized_1_noDogs_2018-12-24--15-48-46.JPG,4000,3000,motorized,1696,1308,3077,2210
motorized_1_noDogs_2018-12-24--15-49-02.JPG,4000,3000,motorized,1477,1359,2292,2132
motorized_1_noDogs_2018-12-25--06-26-11.JPG,4000,3000,motorized,2245,1315,3619,2485
motorized_1_noDogs_2018-12-25--09-04-09.JPG,4000,3000,motorized,2498,1276,4000,2725
motorized_1_noDogs_2018-12-25--10-04-44.JPG,4000,3000,motorized,2379,1321,3794,2576
motorized_1_noDogs_2018-12-25--10-07-35.JPG,4000,3000,motorized,1828,1387,2615,2059
motorized_1_noDogs_2018-12-25--11-42-08.JPG,4000,3000,motorized,2258,1570,3000,2325
motorized_1_noDogs_2018-12-25--11-46-27.JPG,4000,3000,motorized,3009,1581,3779,2242
motorized_1_noDogs_2018-12-25--12-17-40.JPG,4000,3000,motorized,2143,1617,2798,2230
motorized_1_noDogs_2018-12-25--12-20-25.JPG,4000,3000,motorized,1909,1513,3051,2576
motorized_1_noDogs_2018-12-25--12-32-32.JPG,4000,3000,motorized,2781,1564,3904,2740
motorized_1_noDogs_2018-12-25--13-34-39.JPG,4000,3000,motorized,2019,1344,2734,2181
motorized_1_noDogs_2018-12-25--13-34-44.JPG,4000,3000,motorized,1687,1393,2206,2121
motorized_1_noDogs_2018-12-25--14-02-38.JPG,4000,3000,motorized,2106,1330,3732,2572
motorized_1_noDogs_2018-12-25--14-02-44.JPG,4000,3000,motorized,683,1340,1092,1659
motorized_1_noDogs_2018-12-25--14-25-37.JPG,4000,3000,motorized,2330,1325,3877,2591
motorized_1_noDogs_2018-12-26--07-14-35.JPG,4000,3000,motorized,2283,1221,4000,2613
motorized_1_noDogs_2018-12-26--07-14-42.JPG,4000,3000,motorized,802,1368,1204,1689
motorized_1_noDogs_2018-12-26--07-20-45.JPG,4000,3000,motorized,1958,1344,3502,2464
motorized_1_noDogs_2018-12-26--08-35-54.JPG,4000,3000,motorized,2411,1251,3947,2613
motorized_1_noDogs_2018-12-26--08-36-01.JPG,4000,3000,motorized,755,1347,1047,1676
motorized_1_noDogs_2018-12-26--08-41-28.JPG,4000,3000,motorized,1992,1364,3083,2315
motorized_1_noDogs_2018-12-26--09-26-48.JPG,4000,3000,motorized,2164,1349,3498,2413
motorized_1_noDogs_2018-12-26--09-47-22.JPG,4000,3000,motorized,1502,1406,2258,2006
motorized_1_noDogs_2018-12-26--09-49-35.JPG,4000,3000,motorized,2189,1332,3651,2551
motorized_1_noDogs_2018-12-26--09-49-42.JPG,4000,3000,motorized,715,1370,1060,1642
motorized_1_noDogs_2018-12-26--09-53-16.JPG,4000,3000,motorized,2489,1272,4000,2547
motorized_1_noDogs_2018-12-26--09-53-24.JPG,4000,3000,motorized,783,1349,1083,1649
motorized_1_noDogs_2018-12-26--11-15-08.JPG,4000,3000,motorized,1862,1366,3041,2296
motorized_1_noDogs_2018-12-26--12-27-17.JPG,4000,3000,motorized,2309,1434,3511,2502
motorized_1_noDogs_2018-12-26--12-35-36.JPG,4000,3000,motorized,2470,1242,3994,2585
motorized_1_noDogs_2018-12-26--12-35-42.JPG,4000,3000,motorized,1130,1381,1511,1759
motorized_1_noDogs_2018-12-26--13-40-37.JPG,4000,3000,motorized,1443,1496,1902,2019
motorized_1_noDogs_2018-12-26--14-24-39.JPG,4000,3000,motorized,1921,1432,2762,2330
motorized_1_noDogs_2018-12-26--16-34-33.JPG,4000,3000,motorized,2115,1444,4000,2717
motorized_1_noDogs_2018-12-26--17-12-16.JPG,4000,3000,motorized,2909,1296,4000,2483
motorized_1_noDogs_2018-12-27--05-31-21.JPG,4000,3000,motorized,2847,1313,3785,2317
motorized_1_noDogs_2018-12-27--07-53-05.JPG,4000,3000,motorized,2568,1279,4000,2651
motorized_1_noDogs_2018-12-27--07-53-13.JPG,4000,3000,motorized,868,1349,1204,1742
motorized_1_noDogs_2018-12-27--08-42-41.JPG,4000,3000,motorized,2264,1521,3138,2213
motorized_1_noDogs_2018-12-27--10-54-48.JPG,4000,3000,motorized,1800,1347,2430,2136
motorized_1_noDogs_2018-12-27--10-58-15.JPG,4000,3000,motorized,2166,1347,3362,2374
motorized_1_noDogs_2018-12-27--11-19-20.JPG,4000,3000,motorized,3034,1279,3994,2683
motorized_1_noDogs_2018-12-27--11-37-46.JPG,4000,3000,motorized,2019,1321,3343,2370
motorized_1_noDogs_2018-12-27--11-37-52.JPG,4000,3000,motorized,836,1376,1121,1693
motorized_1_noDogs_2018-12-27--11-48-00.JPG,4000,3000,motorized,2532,1351,4000,2576
motorized_1_noDogs_2018-12-27--14-44-33.JPG,4000,3000,motorized,1938,1321,3051,2123
motorized_1_noDogs_2018-12-27--17-06-59.JPG,4000,3000,motorized,2881,1259,4000,2747
motorized_1_noDogs_2018-12-27--18-50-01.JPG,4000,3000,motorized,2058,1132,3547,2315
motorized_1_noDogs_2018-12-27--18-50-07.JPG,4000,3000,motorized,428,1144,1211,1636
motorized_1_noDogs_2018-12-27--18-52-34.JPG,4000,3000,motorized,1028,1066,3532,2621
motorized_1_noDogs_2018-12-28--07-54-34.JPG,4000,3000,motorized,2326,1347,3749,2387
motorized_1_noDogs_2018-12-28--07-54-40.JPG,4000,3000,motorized,728,1338,1079,1657
motorized_1_noDogs_2018-12-28--08-02-46.JPG,4000,3000,motorized,1845,1398,2772,2176
motorized_1_noDogs_2018-12-28--09-45-20.JPG,4000,3000,dog,1262,1621,1443,1804
motorized_1_noDogs_2018-12-28--09-45-20.JPG,4000,3000,nonMotorized,851,1410,1002,1674
motorized_1_noDogs_2018-12-28--09-45-20.JPG,4000,3000,motorized,3366,1317,4000,2702
motorized_1_noDogs_2018-12-28--09-51-46.JPG,4000,3000,motorized,1809,1379,3438,2596
motorized_1_noDogs_2018-12-28--10-15-10.JPG,4000,3000,motorized,2645,1442,3487,2338
motorized_1_noDogs_2018-12-28--10-55-54.JPG,4000,3000,motorized,1902,1510,2426,2215
motorized_1_noDogs_2018-12-28--11-00-26.JPG,4000,3000,motorized,2126,1336,3543,2315
motorized_1_noDogs_2018-12-28--12-01-03.JPG,4000,3000,motorized,2751,1157,4000,2861
motorized_1_noDogs_2018-12-28--12-01-09.JPG,4000,3000,motorized,1475,1398,2515,2298
motorized_1_noDogs_2018-12-28--12-12-32.JPG,4000,3000,motorized,1987,1427,2804,2338
motorized_1_noDogs_2018-12-28--12-12-51.JPG,4000,3000,motorized,2011,1610,2775,2398
motorized_1_noDogs_2018-12-28--12-17-22.JPG,4000,3000,hybrid,2324,1387,3130,2321
motorized_1_noDogs_2018-12-28--12-21-34.JPG,4000,3000,motorized,2032,1506,2664,2215
motorized_1_noDogs_2018-12-28--12-21-53.JPG,4000,3000,motorized,2100,1293,3585,2500
motorized_1_noDogs_2018-12-28--13-20-21.JPG,4000,3000,motorized,1789,1413,2745,2157
motorized_1_noDogs_2018-12-28--13-28-00.JPG,4000,3000,motorized,3049,1749,4000,2844
motorized_1_noDogs_2018-12-28--13-31-27.JPG,4000,3000,motorized,1872,1451,2345,2040
motorized_1_noDogs_2018-12-28--13-31-36.JPG,4000,3000,motorized,2215,1593,2738,2119
motorized_1_noDogs_2018-12-28--13-56-13.JPG,4000,3000,motorized,2126,1400,3424,2317
motorized_2_noDogs_2018-12-08--10-43-58.JPG,4000,3000,motorized,2768,1391,3894,2657
motorized_2_noDogs_2018-12-08--10-56-09.JPG,4000,3000,mechanical,1826,1523,2085,2142
motorized_2_noDogs_2018-12-08--10-56-09.JPG,4000,3000,motorized,1581,1500,1819,1836
motorized_2_noDogs_2018-12-08--12-53-18.JPG,4000,3000,motorized,1432,1523,2015,1955
motorized_2_noDogs_2018-12-08--12-53-18.JPG,4000,3000,motorized,2170,1564,2834,2225
motorized_2_noDogs_2018-12-09--10-46-45.JPG,4000,3000,motorized,2000,1519,2492,2151
motorized_2_noDogs_2018-12-09--10-46-45.JPG,4000,3000,motorized,2970,1421,3894,2530
motorized_2_noDogs_2018-12-17--17-32-13.JPG,4000,3000,motorized,1913,1370,2632,2136
motorized_2_noDogs_2018-12-17--17-32-13.JPG,4000,3000,motorized,2945,1432,3541,2042
motorized_2_noDogs_2018-12-25--12-32-26.JPG,4000,3000,motorized,2162,1447,3194,2344
motorized_2_noDogs_2018-12-25--12-32-26.JPG,4000,3000,motorized,870,1396,1149,1721
motorized_2_noDogs_2018-12-28--08-13-24.JPG,4000,3000,motorized,460,1338,651,1583
motorized_2_noDogs_2018-12-28--08-13-24.JPG,4000,3000,motorized,717,1372,926,1619
motorized_2_noDogs_2018-12-28--08-13-24.JPG,4000,3000,hybrid,2558,1285,3836,2721
motorized_2_noDogs_2018-12-28--08-13-30.JPG,4000,3000,hybrid,2826,1264,4000,2851
motorized_2_noDogs_2018-12-28--08-13-30.JPG,4000,3000,motorized,1672,1406,2106,1981
motorized_2_noDogs_2018-12-28--11-27-35.JPG,4000,3000,motorized,1785,1530,2289,2127
motorized_2_noDogs_2018-12-28--11-27-35.JPG,4000,3000,motorized,3600,2034,4000,2904
motorized_3_noDogs_2018-12-25--11-46-13.JPG,4000,3000,motorized,2549,1466,3902,2149
motorized_3_noDogs_2018-12-25--11-46-13.JPG,4000,3000,motorized,689,1374,930,1653
motorized_3_noDogs_2018-12-25--11-46-13.JPG,4000,3000,motorized,1036,1370,1302,1738
nobody_1_dogs1_2018-12-05--09-59-31.JPG,4000,3000,dog,451,1813,636,2019
nobody_1_dogs1_2018-12-05--13-41-56.JPG,4000,3000,dog,3075,2179,3685,2881
nobody_1_dogs1_2018-12-07--09-50-33.JPG,4000,3000,dog,2155,1768,2417,2123
nobody_1_dogs1_2018-12-08--09-41-49.JPG,4000,3000,dog,1394,1604,1530,1742
nobody_1_dogs1_2018-12-08--10-41-55.JPG,4000,3000,dog,2936,2391,3632,2857
nobody_1_dogs1_2018-12-09--11-14-23.JPG,4000,3000,dog,1951,1842,2224,2187
nobody_1_dogs1_2018-12-09--11-52-26.JPG,4000,3000,dog,3643,2193,4000,2687
nobody_1_dogs1_2018-12-09--12-22-51.JPG,4000,3000,dog,1972,1770,2279,2096
nobody_1_dogs1_2018-12-09--14-42-37.JPG,4000,3000,dog,3198,1870,3528,2261
nobody_1_dogs1_2018-12-10--08-39-12.JPG,4000,3000,dog,1360,1766,1685,1955
nobody_1_dogs1_2018-12-10--12-22-45.JPG,4000,3000,dog,2081,1891,2643,2330
nobody_1_dogs1_2018-12-10--12-31-57.JPG,4000,3000,dog,3306,1844,3817,2225
nobody_1_dogs1_2018-12-12--09-31-54.JPG,4000,3000,dog,1634,1747,1992,2119
nobody_1_dogs1_2018-12-12--10-29-21.JPG,4000,3000,dog,1883,1868,2183,2298
nobody_1_dogs1_2018-12-12--13-14-57.JPG,4000,3000,dog,2977,1902,3298,2230
nobody_1_dogs1_2018-12-12--13-15-06.JPG,4000,3000,dog,1989,1604,2228,1764
nobody_1_dogs1_2018-12-13--13-56-43.JPG,4000,3000,dog,2770,1840,3128,2242
nobody_1_dogs1_2018-12-14--13-13-10.JPG,4000,3000,dog,1683,1944,2262,2385
nobody_1_dogs1_2018-12-15--10-11-38.JPG,4000,3000,dog,3747,2249,4000,2679
nobody_1_dogs1_2018-12-15--10-22-14.JPG,4000,3000,dog,2962,2117,3175,2336
nobody_1_dogs1_2018-12-15--10-36-35.JPG,4000,3000,dog,775,2334,1787,2830
nobody_1_dogs1_2018-12-15--10-52-22.JPG,4000,3000,dog,2809,2130,3200,2617
nobody_1_dogs1_2018-12-15--11-44-59.JPG,4000,3000,dog,2349,1959,2743,2361
nobody_1_dogs1_2018-12-15--13-32-19.JPG,4000,3000,dog,1124,1574,1326,1708
nobody_1_dogs1_2018-12-15--15-29-59.JPG,4000,3000,dog,3353,2051,3960,2659
nobody_1_dogs1_2018-12-16--07-55-34.JPG,4000,3000,dog,2006,1874,2332,2232
nobody_1_dogs1_2018-12-18--10-54-53.JPG,4000,3000,dog,3200,2038,3894,2525
nobody_1_dogs1_2018-12-18--10-54-53.JPG,4000,3000,nonMotorized,1072,1423,1241,1721
nobody_1_dogs1_2018-12-18--12-53-38.JPG,4000,3000,dog,3047,1679,3668,2134
nobody_1_dogs1_2018-12-19--12-42-15.JPG,4000,3000,dog,2834,1672,3245,1976
nobody_1_dogs1_2018-12-19--14-38-54.JPG,4000,3000,dog,3238,1810,3481,2217
nobody_1_dogs1_2018-12-20--10-28-56.JPG,4000,3000,dog,2289,1766,2736,2074
nobody_1_dogs1_2018-12-21--09-40-47.JPG,4000,3000,dog,545,2155,1462,2689
nobody_1_dogs1_2018-12-21--09-40-53.JPG,4000,3000,dog,1,2240,292,2793
nobody_1_dogs1_2018-12-21--09-41-01.JPG,4000,3000,dog,2249,2427,3417,2917
nobody_1_dogs1_2018-12-21--13-25-49.JPG,4000,3000,dog,3349,1942,3838,2361
nobody_1_dogs1_2018-12-23--09-12-33.JPG,4000,3000,dog,2119,1774,2470,2172
nobody_1_dogs1_2018-12-23--10-07-28.JPG,4000,3000,dog,2524,1553,2798,1770
nobody_1_dogs1_2018-12-23--10-35-33.JPG,4000,3000,dog,2362,2059,2858,2453
nobody_1_dogs1_2018-12-23--10-35-53.JPG,4000,3000,dog,1651,1921,1913,2208
nobody_1_dogs1_2018-12-25--09-56-52.JPG,4000,3000,dog,2517,1906,2813,2217
nobody_1_dogs1_2018-12-25--10-19-02.JPG,4000,3000,dog,2558,1966,3015,2444
nobody_1_dogs1_2018-12-25--12-03-07.JPG,4000,3000,dog,3168,2174,3602,2768
nobody_1_dogs1_2018-12-25--13-08-30.JPG,4000,3000,dog,1428,1802,1651,2049
nobody_1_dogs1_2018-12-26--13-19-04.JPG,4000,3000,dog,1272,1659,1417,1853
nobody_1_dogs1_2018-12-26--13-48-24.JPG,4000,3000,dog,2370,1781,2779,2076
nobody_1_dogs1_2018-12-27--09-53-18.JPG,4000,3000,dog,2524,1842,3094,2255
nobody_1_dogs1_2018-12-27--09-53-29.JPG,4000,3000,dog,1519,1698,1726,1932
nobody_1_dogs1_2018-12-27--12-21-55.JPG,4000,3000,dog,3104,2310,3796,2896
nobody_1_dogs1_2018-12-27--12-55-21.JPG,4000,3000,dog,1845,1872,2192,2289
nobody_1_dogs1_2018-12-27--14-59-58.JPG,4000,3000,dog,2932,2057,3651,2802
nobody_1_dogs1_2018-12-28--08-46-56.JPG,4000,3000,dog,2034,2010,2364,2444
nobody_1_dogs1_2018-12-28--09-37-54.JPG,4000,3000,dog,1462,1740,1658,2017
nobody_1_dogs1_2018-12-28--12-10-32.JPG,4000,3000,dog,2330,2225,2806,2766
nobody_1_dogs2_2018-12-09--07-28-08.JPG,4000,3000,dog,1587,1861,2121,2159
nobody_1_dogs2_2018-12-09--07-28-08.JPG,4000,3000,dog,3015,1979,3392,2225
nobody_1_dogs2_2018-12-09--12-00-38.JPG,4000,3000,dog,2860,1842,3168,2302
nobody_1_dogs2_2018-12-09--12-00-38.JPG,4000,3000,dog,3381,2040,3577,2274
nobody_1_dogs2_2018-12-10--11-50-54.JPG,4000,3000,dog,2728,1896,2906,2176
nobody_1_dogs2_2018-12-10--11-50-54.JPG,4000,3000,dog,3160,1808,3498,2108
nobody_1_dogs2_2018-12-11--11-30-26.JPG,4000,3000,dog,2889,2153,3609,2642
nobody_1_dogs2_2018-12-11--11-30-26.JPG,4000,3000,dog,3504,2198,4000,2717
nobody_1_dogs2_2018-12-11--11-30-31.JPG,4000,3000,dog,2417,2002,2785,2315
nobody_1_dogs2_2018-12-11--11-30-31.JPG,4000,3000,dog,2485,1915,2785,2268
nobody_1_dogs2_2018-12-12--11-31-39.JPG,4000,3000,dog,2075,1923,2611,2351
nobody_1_dogs2_2018-12-12--11-31-39.JPG,4000,3000,dog,2872,2057,3221,2413
nobody_1_dogs2_2018-12-15--10-36-48.JPG,4000,3000,dog,1275,1676,1402,1815
nobody_1_dogs2_2018-12-15--10-36-48.JPG,4000,3000,dog,1560,1887,1896,2170
nobody_1_dogs2_2018-12-15--14-13-19.JPG,4000,3000,dog,2749,1810,3062,2021
nobody_1_dogs2_2018-12-15--14-13-19.JPG,4000,3000,dog,3126,1791,3402,2002
nobody_1_dogs2_2018-12-20--08-31-07.JPG,4000,3000,dog,1896,1844,2326,2304
nobody_1_dogs2_2018-12-20--08-31-07.JPG,4000,3000,dog,3096,2191,3553,2759
nobody_1_dogs2_2018-12-21--09-13-36.JPG,4000,3000,dog,1530,1691,1700,1906
nobody_1_dogs2_2018-12-21--09-13-36.JPG,4000,3000,dog,2987,1791,3249,2015
nobody_1_dogs2_2018-12-22--03-54-37.JPG,4000,3000,dog,3072,2157,3626,2521
nobody_1_dogs2_2018-12-22--03-54-37.JPG,4000,3000,dog,2570,2110,2866,2530
nobody_1_dogs2_2018-12-23--09-11-53.JPG,4000,3000,dog,3019,1906,3385,2234
nobody_1_dogs2_2018-12-23--09-11-53.JPG,4000,3000,dog,2058,1710,2313,2002
nobody_1_dogs2_2018-12-27--13-29-58.JPG,4000,3000,dog,2426,1772,2734,2049
nobody_1_dogs2_2018-12-27--13-29-58.JPG,4000,3000,dog,1826,1719,2198,2030
nobody_1_dogs2_2018-12-28--10-56-02.JPG,4000,3000,dog,2034,1706,2232,1961
nobody_1_dogs2_2018-12-28--10-56-02.JPG,4000,3000,dog,1860,1725,2038,1970
nobody_1_dogs3_2018-12-26--12-01-10.JPG,4000,3000,dog,3589,1949,3811,2255
nobody_1_dogs3_2018-12-26--12-01-10.JPG,4000,3000,dog,3502,2155,3919,2655
nobody_1_dogs3_2018-12-26--12-01-10.JPG,4000,3000,dog,3734,2319,4000,2825
nobody_1_noDogs_2018-12-09--11-58-13.JPG,4000,3000,dog,3219,1885,3477,2108
nobody_1_noDogs_2018-12-12--14-26-28.JPG,4000,3000,nonMotorized,3136,2344,3777,2817
nobody_1_noDogs_2018-12-15--10-34-00.JPG,4000,3000,nonMotorized,1051,1417,1217,1727
nobody_1_noDogs_2018-12-15--10-34-00.JPG,4000,3000,nonMotorized,915,1438,1038,1691
